CropSeqID	startDay	endDay	FOMCStoredStart	HUMCStoredStart	ROMCStoredStart	BiocharCStoredStart	FOMnStoredStart	HUMnStoredStart	ROMnStoredStart	FOMC_InputThisCrop	HUMC_InputThisCrop	BiocharC_InputThisCrop	CO2Emission	balance	FOMCStoredEnd	HUMCStoredEnd	ROMCStoredEnd	BiocharCStoredEnd	SoilOrganicCarbon	FOMnStoredEnd	HUMnStoredEnd	ROMnStoredEnd	Total_soil_N	FOMNInput	HUMNInput	Nmin	Org_N_leached	NStart	Nend	FOMnmineralised
CropSeqID	day	day	MgC/ha	MgC/ha	MgC/ha	MgC/ha	MgN/ha	MgN/ha	MgN/ha	MgC/ha/period	MgC/ha/period	MgC/ha/period	MgC/ha/period	MgC/ha/period	MgC/ha	MgC/ha	MgC/ha	MgC/ha	MgC/ha	MgN/ha	MgN/ha	MgN/ha	MgN/ha	MgN/ha/period	MgN/ha/period	MgN/ha/period	MgN/ha/period	MgN/ha	MgN/ha	MgN/ha/period
1	320	684	5.16503276216759E-68	5781.42482249096	78259.3450402835	0	4.49479674146021E-33	481.785401874246	6521.61208669029	0	0	0	0	0	5.16503276216759E-68	5781.42482249096	78259.3450402835	0	84040.7698627745	4.49479674146021E-33	481.785401874246	6521.61208669029	7003.3975	0	0	0	0	7003.39748856454	0	0
1	320	684	5.16503276216759E-68	5781.42482249096	78259.3450402835	0	4.49479674146021E-33	481.785401874246	6521.61208669029	0	0	0	162.857417050893	2.91038304567337E-11	1.0033466805602E-68	5641.7760688684	78236.1363768551	0	83877.9124457235	2.00542122461299E-33	470.148005739034	6519.67803140459	6989.82603714363	0	0	13.5714514209112	0	7003.39748856454	6989.82603714363	0
1	685	1049	1.0033466805602E-68	5641.7760688684	78236.1363768551	0	2.00542122461299E-33	470.148005739034	6519.67803140459	0	0	0	159.541214726153	1.45519152283669E-11	1.94906860935874E-69	5505.49908233253	78212.8721486648	0	83718.3712309974	8.94748132070323E-34	458.791590194377	6517.73934572207	6976.53093591645	0	0	13.2951012271806	0	6989.82603714363	6976.53093591645	0
1	1050	1414	1.94906860935874E-69	5505.49908233253	78212.8721486648	0	8.94748132070323E-34	458.791590194377	6517.73934572207	0	0	0	156.304826203218	-8.73114913702011E-11	3.78618193979336E-70	5372.51250550962	78189.5538992846	0	83562.0664047942	3.99204705325598E-34	447.709375459135	6515.79615827372	6963.50553373285	0	0	13.0254021835945	0	6976.53093591645	6963.50553373285	0
1	1415	1779	3.78618193979336E-70	5372.51250550962	78189.5538992846	0	3.99204705325598E-34	447.709375459135	6515.79615827372	0	0	0	153.146327652391	-2.91038304567337E-11	7.35485551255378E-71	5242.73694212987	78166.183135012	0	83408.9200771419	1.78110767090713E-34	436.894745177489	6513.84859458433	6950.74333976182	0	0	12.7621939710298	0	6963.50553373285	6950.74333976182	0
1	1780	2144	7.35485551255378E-71	5242.73694212987	78166.183135012	0	1.78110767090713E-34	436.894745177489	6513.84859458433	0	0	0	150.063841545523	-2.61934474110603E-10	1.42871364081375E-71	5116.09490982888	78142.7613257677	0	83258.8562355966	7.94665540628161E-35	426.34124248574	6511.89677714731	6938.23801963305	0	0	12.5053201287719	0	6950.74333976182	6938.23801963305	0
1	2145	2509	1.42871364081375E-71	5116.09490982888	78142.7613257677	0	7.94665540628161E-35	426.34124248574	6511.89677714731	0	0	0	147.055535543954	-5.82076609134674E-11	2.77533032657691E-72	4992.51079408245	78119.2899059703	0	83111.8007000527	3.54550649013361E-35	416.042566173537	6509.94082549752	6925.98339167106	0	0	12.254627961991	0	6938.23801963305	6925.98339167106	0
1	2510	2874	2.77533032657691E-72	4992.51079408245	78119.2899059703	0	3.54550649013361E-35	416.042566173537	6509.94082549752	0	0	0	144.119621413821	-1.16415321826935E-10	5.39116566218421E-73	4871.91080324733	78095.7702753917	0	82967.681078639	1.58187403404921E-35	405.992566937278	6507.98085628264	6913.97342321992	0	0	12.0099684511415	0	6925.98339167106	6913.97342321992	0
1	2875	3239	5.39116566218421E-73	4871.91080324733	78095.7702753917	0	1.58187403404921E-35	405.992566937278	6507.98085628264	0	0	0	141.254353966594	1.45519152283669E-11	1.04724727289617E-73	4754.22292468176	78072.2037999906	0	82826.4267246724	7.05773309258675E-36	396.18524372348	6506.01698333255	6902.20222705603	0	0	11.7711961638852	0	6913.97342321992	6902.20222705603	0
1	3240	3604	1.04724727289617E-73	4754.22292468176	78072.2037999906	0	7.05773309258675E-36	396.18524372348	6506.01698333255	0	0	0	138.458030025656	-5.82076609134674E-11	2.03429729084558E-74	4639.37688191963	78048.5918127272	0	82687.9686946468	3.14889583704735E-36	386.614740159969	6504.04931772727	6890.66405788723	0	0	11.538169168799	0	6902.20222705603	6890.66405788723	0
1	3605	3969	2.03429729084558E-74	4639.37688191963	78048.5918127272	0	3.14889583704735E-36	386.614740159969	6504.04931772727	0	0	0	135.728987417035	2.91038304567337E-11	3.95164825078074E-75	4527.30409287327	78024.9356143565	0	82552.2397072297	1.40491840282225E-36	377.275341072773	6502.07796786304	6879.35330893581	0	0	11.3107489514223	0	6890.66405788723	6879.35330893581	0
1	3970	4334	3.95164825078074E-75	4527.30409287327	78024.9356143565	0	1.40491840282225E-36	377.275341072773	6502.07796786304	0	0	0	133.06560398491	1.45519152283669E-11	7.67610430207004E-76	4417.9376290403	78001.2364742045	0	82419.1741032448	6.26821176349456E-37	368.161469086692	6500.10303951704	6868.26450860373	0	0	11.088800332077	0	6879.35330893581	6868.26450860373	0
1	4335	4699	7.67610430207004E-76	4417.9376290403	78001.2364742045	0	6.26821176349456E-37	368.161469086692	6500.10303951704	0	0	0	130.466296629444	7.27595761418343E-11	1.49108442488039E-76	4311.21217569026	77977.495630925	0	82288.7078066153	2.79663623945993E-37	359.267681307521	6498.12463591042	6857.39231721794	0	0	10.8721913857935	0	6868.26450860373	6857.39231721794	0
1	4700	5064	1.49108442488039E-76	4311.21217569026	77977.495630925	0	2.79663623945993E-37	359.267681307521	6498.12463591042	0	0	0	127.929520369563	-8.73114913702011E-11	2.89642593548807E-77	4207.06399300783	77953.714293238	0	82160.7782862458	1.24775142191948E-37	350.588666083986	6496.14285776983	6846.73152385382	0	0	10.6607933641217	0	6857.39231721794	6846.73152385382	0
1	5065	5429	2.89642593548807E-77	4207.06399300783	77953.714293238	0	1.24775142191948E-37	350.588666083986	6496.14285776983	0	0	0	125.453767426398	-5.82076609134674E-11	5.62628198776283E-78	4105.43087816957	77929.8936406499	0	82035.3245188195	5.56698365767425E-38	342.119239847464	6494.15780338749	6836.27704323496	0	0	10.4544806188633	0	6846.73152385382	6836.27704323496	0
1	5430	5794	5.62628198776283E-78	4105.43087816957	77929.8936406499	0	5.56698365767425E-38	342.119239847464	6494.15780338749	0	0	0	123.03756632954	1.45519152283669E-11	1.09289762138621E-78	4006.25212833191	77906.034824158	0	81912.2869524899	2.48377132325246E-38	333.85434402766	6492.16956867983	6826.02391270749	0	0	10.2531305274633	0	6836.27704323496	6826.02391270749	0
1	5795	6159	1.09289762138621E-78	4006.25212833191	77906.034824158	0	2.48377132325246E-38	333.85434402766	6492.16956867983	0	0	0	120.679481044861	1.60071067512035E-10	2.12293368124569E-79	3909.46850450851	77882.1389669364	0	81791.6074714449	1.10816152691609E-38	325.789042042376	6490.1782472447	6815.96728928707	0	0	10.056623420418	0	6826.02391270749	6815.96728928707	0
1	6160	6524	2.12293368124569E-79	3909.46850450851	77882.1389669364	0	1.10816152691609E-38	325.789042042376	6490.1782472447	0	0	0	118.378110122462	-5.82076609134674E-11	4.12375045068509E-80	3815.02219631571	77858.2071650068	0	81673.2293613225	4.94418068368975E-39	317.918516359643	6488.18393041723	6806.10244677688	0	0	9.8648425101992	0	6815.96728928707	6806.10244677688	0
1	6525	6889	4.12375045068509E-80	3815.02219631571	77858.2071650068	0	4.94418068368975E-39	317.918516359643	6488.18393041723	0	0	0	116.132085865684	0	8.01027389512299E-81	3722.85678756535	77834.2404878915	0	81557.0972754568	2.20589792436586E-39	310.238065630446	6486.18670732429	6796.42477295474	0	0	9.6776738221406	0	6806.10244677688	6796.42477295474	0
1	6890	7254	8.01027389512299E-81	3722.85678756535	77834.2404878915	0	2.20589792436586E-39	310.238065630446	6486.18670732429	0	0	0	113.940073519854	-1.45519152283669E-10	1.55597077528331E-81	3632.91722268454	77810.2399792526	0	81443.1572019371	9.8418402445393E-40	302.743101890378	6484.18666493771	6786.92976682809	0	0	9.49500612664269	0	6796.42477295474	6786.92976682809	0
1	7255	7619	1.55597077528331E-81	3632.91722268454	77810.2399792526	0	9.8418402445393E-40	302.743101890378	6484.18666493771	0	0	0	111.800770480621	-2.91038304567337E-11	3.0224186537332E-82	3545.14977394258	77786.2066575139	0	81331.3564314565	4.3910364075794E-40	295.429147828549	6482.18388812616	6777.61303595471	0	0	9.31673087338277	0	6786.92976682809	6777.61303595471	0
1	7620	7984	3.0224186537332E-82	3545.14977394258	77786.2066575139	0	4.3910364075794E-40	295.429147828549	6482.18388812616	0	0	0	109.712905520427	-1.45519152283669E-10	5.87093073943787E-83	3459.50200946584	77762.1415164704	0	81221.6435259362	1.95910448725419E-40	288.291834122153	6480.17845970587	6768.47029382802	0	0	9.14274212669079	0	6777.61303595471	6768.47029382802	0
1	7985	8349	5.87093073943787E-83	3459.50200946584	77762.1415164704	0	1.95910448725419E-40	288.291834122153	6480.17845970587	0	0	0	107.675238034861	8.73114913702011E-11	1.14040333108529E-83	3375.9227620215	77738.0455258798	0	81113.9682879013	8.74073596999567E-41	281.326896835125	6478.17046048998	6759.49735732511	0	0	8.97293650291158	0	6768.47029382802	6759.49735732511	0
1	8350	8714	1.14040333108529E-83	3375.9227620215	77738.0455258798	0	8.74073596999567E-41	281.326896835125	6478.17046048998	0	0	0	105.686557306247	0	2.21518098071021E-84	3294.36209855187	77713.9196320432	0	81008.281730595	3.8997633325957E-41	274.530174879322	6476.15996933693	6750.69014421625	0	0	8.80721310885474	0	6759.49735732511	6750.69014421625	0
1	8715	9079	2.21518098071021E-84	3294.36209855187	77713.9196320432	0	3.8997633325957E-41	274.530174879322	6476.15996933693	0	0	0	103.745681784548	-4.36557456851006E-11	4.302879639702E-85	3214.77129044129	77689.7647583692	0	80904.5360488105	1.73991629168943E-41	267.897607536774	6474.14706319744	6742.04467073421	0	0	8.64547348204178	0	6750.69014421625	6742.04467073421	0
1	9080	9444	4.302879639702E-85	3214.77129044129	77689.7647583692	0	1.73991629168943E-41	267.897607536774	6474.14706319744	0	0	0	101.851458386723	5.82076609134674E-11	8.35811725537781E-86	3137.10278449794	77665.5818059258	0	80802.6845904237	7.76279856537704E-42	261.425232041495	6472.13181716048	6733.55704920198	0	0	8.48762153223197	0	6742.04467073421	6733.55704920198	0
1	9445	9809	8.35811725537781E-86	3137.10278449794	77665.5818059258	0	7.76279856537704E-42	261.425232041495	6472.13181716048	0	0	0	100.00276181138	-1.16415321826935E-10	1.6235176957849E-86	3061.31017463351	77641.371653979	0	80702.6818286125	3.46344379234208E-42	255.109181219459	6470.11430449825	6725.22348571771	0	0	8.33356348427242	0	6733.55704920198	6725.22348571771	0
1	9810	10174	1.6235176957849E-86	3061.31017463351	77641.371653979	0	3.46344379234208E-42	255.109181219459	6470.11430449825	0	0	0	98.1984938713218	0	3.15358780069192E-87	2987.34817422399	77617.1351605172	0	80604.4833347411	1.54524675771492E-42	248.945681185332	6468.09459670976	6717.0402778951	0	0	8.18320782261071	0	6725.22348571771	6717.0402778951	0
1	10175	10539	3.15358780069192E-87	2987.34817422399	77617.1351605172	0	1.54524675771492E-42	248.945681185332	6468.09459670976	0	0	0	96.4375828409283	4.36557456851006E-11	6.12565010853733E-88	2915.17258913525	77592.8731627649	0	80508.0457519002	6.89425611973108E-43	242.931049094604	6466.07276356375	6709.00381265835	0	0	8.03646523674615	0	6717.0402778951	6709.00381265835	0
1	10540	10904	6.12565010853733E-88	2915.17258913525	77592.8731627649	0	6.89425611973108E-43	242.931049094604	6466.07276356375	0	0	0	94.7189828196779	-5.82076609134674E-11	1.18986812699222E-88	2844.74029139742	77568.5864776832	0	80413.3267690806	3.07593295944695E-43	237.061690949785	6464.04887314026	6701.11056409005	0	0	7.89324856830171	0	6709.00381265835	6701.11056409005	0
1	10905	11269	1.18986812699222E-88	2844.74029139742	77568.5864776832	0	3.07593295944695E-43	237.061690949785	6464.04887314026	0	0	0	93.0416731114163	1.45519152283669E-11	2.31123914715178E-89	2776.00919351253	77544.2759024566	0	80320.2850959691	1.37235415951556E-43	231.334099459377	6462.02299187138	6693.35709133076	0	0	7.75347275928561	0	6701.11056409005	6693.35709133076	0
1	11270	11634	2.31123914715178E-89	2776.00919351253	77544.2759024566	0	1.37235415951556E-43	231.334099459377	6462.02299187138	0	0	0	91.4046576173207	1.01863406598568E-10	4.48942138449099E-90	2708.93822338017	77519.9422149715	0	80228.8804383517	6.12287551251301E-44	225.744851948348	6459.99518458096	6685.74003652931	0	0	7.61705480145338	0	6693.35709133076	6685.74003652931	0
1	11635	11999	4.48942138449099E-90	2708.93822338017	77519.9422149715	0	6.12287551251301E-44	225.744851948348	6459.99518458096	0	0	0	89.8069642447492	0	8.72037802396045E-91	2643.48729982658	77495.5861742804	0	80139.073474107	2.73177263406816E-44	220.290608318882	6457.96551452337	6678.25612284225	0	0	7.48391368706143	0	6685.74003652931	6678.25612284225	0
1	12000	12364	8.72037802396045E-91	2643.48729982658	77495.5861742804	0	2.73177263406816E-44	220.290608318882	6457.96551452337	0	0	0	88.2476443292169	1.16415321826935E-10	1.69386864535944E-91	2579.61730872224	77471.2085210554	0	80050.8258297776	1.21880315152324E-44	214.968109060187	6455.93404342128	6670.90215248147	0	0	7.35397036077757	0	6678.25612284225	6670.90215248147	0
1	12365	12729	1.69386864535944E-91	2579.61730872224	77471.2085210554	0	1.21880315152324E-44	214.968109060187	6455.93404342128	0	0	0	86.725772071004	2.91038304567337E-11	3.29021019148347E-92	2517.2900796743	77446.8099780323	0	79964.1000577066	5.43779071664539E-45	209.774173306192	6453.90083150269	6663.67500480888	0	0	7.2271476725864	0	6670.90215248147	6663.67500480888	0
1	12730	13094	3.29021019148347E-92	2517.2900796743	77446.8099780323	0	5.43779071664539E-45	209.774173306192	6453.90083150269	0	0	0	85.2404439845583	-1.45519152283669E-11	6.39097434816237E-93	2456.4683632798	77422.3912504422	0	79878.8596137221	2.42611462169973E-45	204.705696939984	6451.86593753685	6656.57163447684	0	0	7.10337033204542	0	6663.67500480888	6656.57163447684	0
1	13095	13459	6.39097434816237E-93	2456.4683632798	77422.3912504422	0	2.42611462169973E-45	204.705696939984	6451.86593753685	0	0	0	83.7907783622156	-1.01863406598568E-10	1.24139514192394E-93	2397.11580892627	77397.9530264337	0	79795.0688353599	1.08243057500822E-45	199.759650743856	6449.82941886947	6649.58906961333	0	0	6.98256486350965	0	6656.57163447684	6649.58906961333	0
1	13460	13824	1.24139514192394E-93	2397.11580892627	77397.9530264337	0	1.08243057500822E-45	199.759650743856	6449.82941886947	0	0	0	82.3759147492365	1.45519152283669E-11	2.41130731059492E-94	2339.1969431265	77373.4959774842	0	79712.6929206107	4.82935020848132E-46	194.933078593875	6447.79133145702	6642.72441005089	0	0	6.86465956243774	0	6649.58906961333	6642.72441005089	0
1	13825	14189	2.41130731059492E-94	2339.1969431265	77373.4959774842	0	4.82935020848132E-46	194.933078593875	6447.79133145702	0	0	0	80.9950134330814	-4.36557456851006E-11	4.68376024508143E-95	2282.67714837489	77349.0207588028	0	79631.6979071776	2.154652639605E-46	190.223095697907	6445.75172990023	6635.97482559814	0	0	6.74958445275388	0	6642.72441005089	6635.97482559814	0
1	14190	14554	4.68376024508143E-95	2282.67714837489	77349.0207588028	0	2.154652639605E-46	190.223095697907	6445.75172990023	0	0	0	79.6472549435348	1.01863406598568E-10	9.09779900890128E-96	2227.52264251261	77324.5280097214	0	79552.050652234	9.6131507146761E-47	185.626886876051	6443.71066747678	6629.33755435283	0	0	6.63727124530215	0	6635.97482559814	6629.33755435283	0
1	14555	14919	9.09779900890128E-96	2227.52264251261	77324.5280097214	0	9.6131507146761E-47	185.626886876051	6443.71066747678	0	0	0	78.3318395659896	7.27595761418343E-11	1.76716713053363E-96	2173.70045858939	77300.0183540786	0	79473.7188126679	4.28898136930206E-47	181.141704882449	6441.66819617321	6622.80990105566	0	0	6.52765329717204	0	6629.33755435283	6622.80990105566	0
1	14920	15284	1.76716713053363E-96	2173.70045858939	77300.0183540786	0	4.28898136930206E-47	181.141704882449	6441.66819617321	0	0	0	77.0479868655571	4.36557456851006E-11	3.43256312423314E-97	2121.1784252102	77275.4924005921	0	79396.6708258023	1.91356180724345E-47	176.764868767517	6439.62436671601	6616.38923548353	0	0	6.42066557213366	0	6622.80990105566	6616.38923548353	0
1	15285	15649	3.43256312423314E-97	2121.1784252102	77275.4924005921	0	1.91356180724345E-47	176.764868767517	6439.62436671601	0	0	0	75.7949352230356	0	6.66743937844686E-98	2069.92514735492	77250.9507432244	0	79320.8758905793	8.53750080994461E-48	172.493762279576	6437.57922860203	6610.07299088161	0	0	6.31624460191961	0	6616.38923548353	6610.07299088161	0
1	15650	16014	6.66743937844686E-98	2069.92514735492	77250.9507432244	0	8.53750080994461E-48	172.493762279576	6437.57922860203	0	0	0	74.5719413820559	1.45519152283669E-11	1.29508796848625E-98	2019.90998765981	77226.3939615374	0	79246.3039491972	3.80906999483281E-48	168.325832304984	6435.53283012812	6603.8586624331	0	0	6.21432844850642	0	6610.07299088161	6603.8586624331	0
1	16015	16379	1.29508796848625E-98	2019.90998765981	77226.3939615374	0	3.80906999483281E-48	168.325832304984	6435.53283012812	0	0	0	73.3782800069497	-1.45519152283669E-11	2.51558574787225E-99	1971.10304814968	77201.8226210406	0	79172.9256691903	1.69944487968346E-48	164.258587345807	6433.48521842005	6597.74380576586	0	0	6.11485666724457	0	6603.8586624331	6597.74380576586	0
1	16380	16744	2.51558574787225E-99	1971.10304814968	77201.8226210406	0	1.69944487968346E-48	164.258587345807	6433.48521842005	0	0	0	72.2132432510646	1.30967237055302E-10	4.88628348243215E-100	1923.47515240983	77177.2372735293	0	79100.7124259391	7.5821985012124E-49	160.289596034153	6431.43643946077	6591.72603549492	0	0	6.0177702709334	0	6597.74380576586	6591.72603549492	0
1	16745	17109	4.88628348243215E-100	1923.47515240983	77177.2372735293	0	7.5821985012124E-49	160.289596034153	6431.43643946077	0	0	0	71.0761403359078	-8.73114913702011E-11	9.49112914770807E-101	1876.99782818729	77152.638457416	0	79029.6362856033	3.38285323621177E-49	156.416485682274	6429.386538118	6585.80302380027	0	0	5.923011694651	0	6591.72603549492	6585.80302380027	0
1	17110	17474	9.49112914770807E-101	1876.99782818729	77152.638457416	0	3.38285323621177E-49	156.416485682274	6429.386538118	0	0	0	69.9662971399127	5.82076609134674E-11	1.84355801320587E-101	1831.64329041098	77128.0266980523	0	78959.6699884633	1.50928447546719E-49	152.636940867581	6427.33555817103	6579.97249903861	0	0	5.83052476166449	0	6585.80302380027	6579.97249903861	0
1	17475	17839	1.84355801320587E-101	1831.64329041098	77128.0266980523	0	1.50928447546719E-49	152.636940867581	6427.33555817103	0	0	0	68.8830557977503	-5.82076609134674E-11	3.58092683718272E-102	1787.38442462083	77103.4025080448	0	78890.7869326656	6.73378114950555E-50	148.948702051735	6425.28354233707	6574.2322443888	0	0	5.74025464980696	0	6579.97249903861	6574.2322443888	0
1	17840	18204	3.58092683718272E-102	1787.38442462083	77103.4025080448	0	6.73378114950555E-50	148.948702051735	6425.28354233707	0	0	0	67.8257743083391	1.01863406598568E-10	6.95558740401857E-103	1744.19477079588	77078.7663875613	0	78822.9611583572	3.00432448045422E-50	145.34956423299	6423.23053229678	6568.58009652977	0	0	5.65214785903663	0	6574.2322443888	6568.58009652977	0
1	18205	18569	6.95558740401857E-103	1744.19477079588	77078.7663875613	0	3.00432448045422E-50	145.34956423299	6423.23053229678	0	0	0	66.7938261531658	4.36557456851006E-11	1.35105152700657E-103	1702.0485075719	77054.1188246321	0	78756.167332204	1.34040063287005E-50	141.837375630992	6421.17656871934	6563.01394435033	0	0	5.56615217943545	0	6568.58009652977	6563.01394435033	0
1	18570	18934	1.35105152700657E-103	1702.0485075719	77054.1188246321	0	1.34040063287005E-50	141.837375630992	6421.17656871934	0	0	0	65.7865999230459	-1.30967237055302E-10	2.62427751445822E-104	1660.92043683914	77029.4602954419	0	78690.3807322811	5.98029162231047E-51	138.410036403262	6419.12169128683	6557.53172769009	0	0	5.48221666024256	0	6563.01394435033	6557.53172769009	0
1	18935	19299	2.62427751445822E-104	1660.92043683914	77029.4602954419	0	5.98029162231047E-51	138.410036403262	6419.12169128683	0	0	0	64.8034989545195	0	5.09738412727936E-105	1620.78596871095	77004.7912646156	0	78625.5772333265	2.66814884304669E-51	135.06549739258	6417.06593871796	6552.13143611054	0	0	5.40029157954359	0	6557.53172769009	6552.13143611054	0
1	19300	19664	5.09738412727936E-105	1620.78596871095	77004.7912646156	0	2.66814884304669E-51	135.06549739258	6417.06593871796	0	0	0	63.8439409747134	1.45519152283669E-11	9.90112928017498E-106	1581.62110685461	76980.1121854972	0	78561.7332923518	1.19041310201878E-51	131.801758904551	6415.00934879143	6546.81110769598	0	0	5.32032841456021	0	6552.13143611054	6546.81110769598	0
1	19665	20029	9.90112928017498E-106	1581.62110685461	76980.1121854972	0	1.19041310201878E-51	131.801758904551	6415.00934879143	0	0	0	62.907357754286	-2.91038304567337E-11	1.92318859685695E-106	1543.40243417537	76955.4235004222	0	78498.8259345976	5.31111003876295E-52	128.616869514614	6412.95195836852	6541.56882788313	0	0	5.24227981285367	0	6546.81110769598	6541.56882788313	0
1	20030	20394	1.92318859685695E-106	1543.40243417537	76955.4235004222	0	5.31111003876295E-52	128.616869514614	6412.95195836852	0	0	0	61.9931947693637	5.82076609134674E-11	3.73558655305722E-107	1506.10709884547	76930.7256409827	0	78436.8327398281	2.36958809198439E-52	125.508924903789	6410.89380341522	6536.40272831901	0	0	5.16609956412049	0	6541.56882788313	6536.40272831901	0
1	20395	20759	3.73558655305722E-107	1506.10709884547	76930.7256409827	0	2.36958809198439E-52	125.508924903789	6410.89380341522	0	0	0	61.1009108717256	-5.82076609134674E-11	7.25597076278721E-108	1469.71280066963	76906.0190282868	0	78375.7318289565	1.05720784584308E-52	122.476066722469	6408.8349190239	6531.31098574637	0	0	5.0917425726384	0	6536.40272831901	6531.31098574637	0
1	20760	21124	7.25597076278721E-108	1469.71280066963	76906.0190282868	0	1.05720784584308E-52	122.476066722469	6408.8349190239	0	0	0	60.2299779659002	-1.45519152283669E-11	1.40939279032447E-108	1434.19777777909	76881.3040732115	0	78315.5018509906	4.71680429682194E-53	119.516481481591	6406.77533943429	6526.29182091588	0	0	5.0191648304899	0	6531.31098574637	6526.29182091588	0
1	21125	21489	1.40939279032447E-108	1434.19777777909	76881.3040732115	0	4.71680429682194E-53	119.516481481591	6406.77533943429	0	0	0	59.3798806951237	-1.45519152283669E-11	2.73758980976525E-109	1399.54079364616	76856.5811766493	0	78256.1219702955	2.10443395322675E-53	116.628399470513	6404.71509805411	6521.34349752462	0	0	4.94832339125878	0	6526.29182091588	6521.34349752462	0
1	21490	21854	2.73758980976525E-109	1399.54079364616	76856.5811766493	0	2.10443395322675E-53	116.628399470513	6404.71509805411	0	0	0	58.5501161343447	-2.03726813197136E-10	5.31746355272237E-110	1365.72112441168	76831.8507297497	0	78197.5718541613	9.38907281185543E-54	113.810093700973	6402.65422747914	6516.46432118011	0	0	4.87917634451242	0	6521.34349752462	6516.46432118011	0
1	21855	22219	5.31746355272237E-110	1365.72112441168	76831.8507297497	0	9.38907281185543E-54	113.810093700973	6402.65422747914	0	0	0	57.7401934905518	8.73114913702011E-11	1.0328576997293E-110	1332.71854651782	76807.1131141529	0	78139.8316606707	4.18899729054637E-54	111.059878876485	6400.59275951274	6511.65263838923	0	0	4.81168279088524	0	6516.46432118011	6511.65263838923	0
1	22220	22584	1.0328576997293E-110	1332.71854651782	76807.1131141529	0	4.18899729054637E-54	111.059878876485	6400.59275951274	0	0	0	56.9496338107979	4.36557456851006E-11	2.00620954077364E-111	1300.51332463885	76782.368702221	0	78082.8820268599	1.86894886389792E-54	108.376110386571	6398.53072518508	6506.90683557165	0	0	4.74580281757153	0	6511.65263838923	6506.90683557165	0
1	22585	22949	2.00620954077364E-111	1300.51332463885	76782.368702221	0	1.86894886389792E-54	108.376110386571	6398.53072518508	0	0	0	56.1779696963229	-5.82076609134674E-11	3.89683420330263E-112	1269.0861999028	76757.6178572608	0	78026.7040571636	8.33843843348221E-55	105.757183325233	6396.46815477173	6502.22533809696	0	0	4.68149747468851	0	6506.90683557165	6502.22533809697	0
1	22950	23314	3.89683420330263E-112	1269.0861999028	76757.6178572608	0	8.33843843348221E-55	105.757183325233	6396.46815477173	0	0	0	55.4247450246387	0	7.56915517892193E-113	1238.41837839685	76732.8609337421	0	77971.279312139	3.720248957573E-55	103.201531533071	6394.40507781184	6497.60660934491	0	0	4.61872875205245	0	6502.22533809697	6497.60660934491	0
1	23315	23679	7.56915517892193E-113	1238.41837839685	76732.8609337421	0	3.720248957573E-55	103.201531533071	6394.40507781184	0	0	0	54.6895146775692	-4.36557456851006E-11	1.47022139770416E-113	1208.49151994985	76708.0982775116	0	77916.5897974614	1.65981334313643E-55	100.707626662487	6392.34152312596	6493.04914978845	0	0	4.55745955646034	0	6497.60660934491	6493.04914978845	0
1	23680	24044	1.47022139770416E-113	1208.49151994985	76708.0982775116	0	1.65981334313643E-55	100.707626662487	6392.34152312596	0	0	0	53.9718442759522	1.16415321826935E-10	2.85573513612416E-114	1179.28772718507	76683.3302260003	0	77862.6179531854	7.40536503599952E-56	98.2739772654227	6390.27751883336	6488.55149609878	0	0	4.49765368967201	0	6493.04914978845	6488.55149609878	0
1	24045	24409	2.85573513612416E-114	1179.28772718507	76683.3302260003	0	7.40536503599952E-56	98.2739772654227	6390.27751883336	0	0	0	53.2713099209294	-2.91038304567337E-11	5.54693366295388E-115	1150.7895348369	76658.5571084276	0	77809.3466432645	3.30395150336212E-56	95.8991279030746	6388.21309236896	6484.11222027204	0	0	4.43927582674041	0	6488.55149609878	6484.11222027204	0
1	24410	24774	5.54693366295388E-115	1150.7895348369	76658.5571084276	0	3.30395150336212E-56	95.8991279030746	6388.21309236896	0	0	0	52.5874979414616	-7.27595761418343E-11	1.07742707760763E-115	1122.97989932489	76633.7792459982	0	77756.7591453231	1.47407924267738E-56	93.5816582770743	6386.14827049985	6479.72992877692	0	0	4.38229149511608	0	6484.11222027204	6479.72992877692	0
1	24775	25139	1.07742707760763E-115	1122.97989932489	76633.7792459982	0	1.47407924267738E-56	93.5816582770743	6386.14827049985	0	0	0	51.920004647816	8.73114913702011E-11	2.09277564144879E-116	1095.84218857929	76608.9969520959	0	77704.8391406752	6.57669910320889E-57	91.3201823816072	6384.08307934132	6475.40326172293	0	0	4.32666705399333	0	6479.72992877692	6475.40326172293	0
1	25140	25504	2.09277564144879E-116	1095.84218857929	76608.9969520959	0	6.57669910320889E-57	91.3201823816072	6384.08307934132	0	0	0	51.2684360904505	4.36557456851006E-11	4.06496990529909E-117	1069.36017211161	76584.2105324731	0	77653.5707045847	2.93423633249791E-57	89.1133476759675	6382.01754437275	6471.13089204872	0	0	4.27236967420868	0	6475.40326172293	6471.13089204872	0
1	25505	25869	4.06496990529909E-117	1069.36017211161	76584.2105324731	0	2.93423633249791E-57	89.1133476759675	6382.01754437275	0	0	0	50.6324078260124	-2.91038304567337E-11	7.89572255647814E-118	1043.51801132471	76559.420285434	0	77602.9382967587	1.30912822126702E-57	86.9598342770592	6379.95169045283	6466.91152472989	0	0	4.21936731883125	0	6471.13089204872	6466.91152472989	0
1	25870	26234	7.89572255647814E-118	1043.51801132471	76559.420285434	0	1.30912822126702E-57	86.9598342770592	6379.95169045283	0	0	0	50.0115446876499	-1.01863406598568E-10	1.5336501833423E-118	1018.30025005634	76534.6265020148	0	77552.9267520711	5.8407586107379E-58	84.858354171362	6377.88554183457	6462.74389600593	0	0	4.16762872396157	0	6466.91152472989	6462.74389600593	0
1	26235	26599	1.5336501833423E-118	1018.30025005634	76534.6265020148	0	5.8407586107379E-58	84.858354171362	6377.88554183457	0	0	0	49.4054805615377	8.73114913702011E-11	2.97893229900061E-119	993.691805350747	76509.8294661588	0	77503.5212715095	2.60589138076912E-58	82.8076504458956	6375.8191221799	6458.62677262579	0	0	4.11712338013513	0	6462.74389600593	6458.62677262579	0
1	26600	26964	2.97893229900061E-119	993.691805350747	76509.8294661588	0	2.60589138076912E-58	82.8076504458956	6375.8191221799	0	0	0	48.8138581686558	-1.16415321826935E-10	5.78621878690318E-120	969.677958452663	76485.0294548883	0	77454.707413341	1.1626348599666E-58	80.8064965377219	6373.75245457403	6454.55895111175	0	0	4.06782151404514	0	6458.62677262579	6454.55895111175	0
1	26965	27329	5.78621878690318E-120	969.677958452663	76485.0294548883	0	1.1626348599666E-58	80.8064965377219	6373.75245457403	0	0	0	48.2363288518669	1.45519152283669E-11	1.12390335660191E-120	946.244346018496	76460.2267384706	0	77406.4710844891	5.18716845458191E-59	78.8536955015413	6371.68556153922	6450.53925704076	0	0	4.01969407099023	0	6454.55895111175	6450.53925704076	0
1	27330	27694	1.12390335660191E-120	946.244346018496	76460.2267384706	0	5.18716845458191E-59	78.8536955015413	6371.68556153922	0	0	0	47.6725523678037	1.01863406598568E-10	2.18304651209494E-121	923.376951539356	76435.4215805818	0	77358.7985321212	2.31428768712431E-59	76.9480792949463	6369.61846504849	6446.56654434343	0	0	3.97271269732482	0	6450.53925704076	6446.56654434343	0
1	27695	28059	2.18304651209494E-121	923.376951539356	76435.4215805818	0	2.31428768712431E-59	76.9480792949463	6369.61846504849	0	0	0	47.1221966842835	-2.91038304567337E-11	4.24030325030561E-122	901.062096970899	76410.614238466	0	77311.6763354369	1.03253390028981E-59	75.0885080809083	6367.55118653884	6442.63969461975	0	0	3.92684972368806	0	6446.56654434343	6442.63969461975	0
1	28060	28424	4.24030325030561E-122	901.062096970899	76410.614238466	0	1.03253390028981E-59	75.0885080809083	6367.55118653884	0	0	0	46.5849377823508	-5.82076609134674E-11	8.23627342150299E-123	879.286434564977	76385.8049630897	0	77265.0913976547	4.60671427566375E-60	73.2738695470814	6365.48374692414	6438.75761647122	0	0	3.88207814852467	0	6442.63969461975	6438.75761647122	0
1	28425	28789	8.23627342150299E-123	879.286434564977	76385.8049630897	0	4.60671427566375E-60	73.2738695470814	6365.48374692414	0	0	0	46.0604594625585	0	1.59979563960252E-123	858.036938898238	76360.9939992939	0	77219.0309381921	2.05531417386989E-60	71.5030782415199	6363.41616660782	6434.91924484934	0	0	3.83837162187956	0	6438.75761647122	6434.91924484934	0
1	28790	29154	1.59979563960252E-123	858.036938898238	76360.9939992939	0	2.05531417386989E-60	71.5030782415199	6363.41616660782	0	0	0	45.5484531570676	-1.16415321826935E-10	3.10740728603402E-124	837.300899092952	76336.1815859422	0	77173.4824850351	9.16991144817869E-61	69.7750749244127	6361.34846549518	6431.1235404196	0	0	3.79570442974546	0	6434.91924484934	6431.1235404196	0
1	29155	29519	3.10740728603402E-124	837.300899092952	76336.1815859422	0	9.16991144817869E-61	69.7750749244127	6361.34846549518	0	0	0	45.048617745402	-1.45519152283669E-11	6.03575734696952E-125	817.065911225399	76311.3679560644	0	77128.4338672898	4.09121262613227E-61	68.0888259354499	6359.28066300536	6427.36948894081	0	0	3.75405147878337	0	6431.1235404196	6427.36948894081	0
1	29520	29884	6.03575734696952E-125	817.065911225399	76311.3679560644	0	4.09121262613227E-61	68.0888259354499	6359.28066300536	0	0	0	44.5606593744184	-1.60071067512035E-10	1.1723715958215E-125	797.319870917344	76286.5533369982	0	77083.8732079155	1.82531971842228E-61	66.4433225764453	6357.21277808318	6423.65610065962	0	0	3.71338828118769	0	6427.36948894081	6423.65610065962	0
1	29885	30249	1.1723715958215E-125	797.319870917344	76286.5533369982	0	1.82531971842228E-61	66.4433225764453	6357.21277808318	0	0	0	44.0842912838515	-2.91038304567337E-11	2.27718718473744E-126	778.050966106151	76261.7379505255	0	77039.7889166317	8.14377611237757E-62	64.8375805088459	6355.14482921046	6419.98240971931	0	0	3.67369094031801	0	6423.65610065962	6419.98240971931	0
1	30250	30614	2.27718718473744E-126	778.050966106151	76261.7379505255	0	8.14377611237757E-62	64.8375805088459	6355.14482921046	0	0	0	43.6192336347527	4.36557456851006E-11	4.42315444782092E-127	759.247669989274	76236.9220130076	0	76996.1696829969	3.63339565208476E-62	63.2706391657728	6353.0768344173	6416.34747358307	0	0	3.6349361362345	0	6419.98240971931	6416.34747358307	0
1	30615	30979	4.42315444782092E-127	759.247669989274	76236.9220130076	0	3.63339565208476E-62	63.2706391657728	6353.0768344173	0	0	0	43.1652133423736	-1.45519152283669E-11	8.59142909792603E-128	740.898734138876	76212.1057355156	0	76953.0044696545	1.62106170211289E-62	61.7415611782397	6351.00881129297	6412.75037247121	0	0	3.59710111186268	0	6416.34747358307	6412.75037247121	0
1	30980	31344	8.59142909792603E-128	740.898734138876	76212.1057355156	0	1.62106170211289E-62	61.7415611782397	6351.00881129297	0	0	0	42.721963914119	-5.82076609134674E-11	1.66877833090679E-128	722.993181782535	76187.2893239579	0	76910.2825057404	7.2324657635482E-63	60.2494318152112	6348.94077699649	6409.1902088117	0	0	3.56016365950745	0	6412.75037247121	6409.1902088117	0
1	31345	31709	1.66877833090679E-128	722.993181782535	76187.2893239579	0	7.2324657635482E-63	60.2494318152112	6348.94077699649	0	0	0	42.2892252895246	-7.27595761418343E-11	3.24139405464737E-129	705.520301245982	76162.472979205	0	76867.993280451	3.22680867093392E-63	58.7933584371652	6346.87274826708	6405.66610670425	0	0	3.52410210745347	0	6409.1902088117	6405.66610670425	0
1	31710	32074	3.24139405464737E-129	705.520301245982	76162.472979205	0	3.22680867093392E-63	58.7933584371652	6346.87274826708	0	0	0	41.8667436856318	7.27595761418343E-11	6.29600335840148E-130	688.469639554007	76137.6568972113	0	76826.1265367653	1.43966031238052E-63	57.3724699628339	6344.80474143427	6402.17721139711	0	0	3.48889530714132	0	6405.66610670425	6402.17721139711	0
1	32075	32439	6.29600335840148E-130	688.469639554007	76137.6568972113	0	1.43966031238052E-63	57.3724699628339	6344.80474143427	0	0	0	41.4542714458404	8.73114913702011E-11	1.22291990408917E-130	671.83099618571	76112.8412691336	0	76784.6722653194	6.42313187169867E-64	55.9859163488091	6342.7367724278	6398.72268877661	0	0	3.45452262049366	0	6402.17721139711	6398.72268877661	0
1	32440	32804	1.22291990408917E-130	671.83099618571	76112.8412691336	0	6.42313187169867E-64	55.9859163488091	6342.7367724278	0	0	0	41.0515668916084	-2.91038304567337E-11	2.37536865426461E-131	655.594416980365	76088.0262814474	0	76743.6206984278	2.86571920255588E-64	54.632868081697	6340.66885678728	6395.30172486898	0	0	3.42096390763254	0	6398.72268877661	6395.30172486898	0
1	32805	33169	2.37536865426461E-131	655.594416980365	76088.0262814474	0	2.86571920255588E-64	54.632868081697	6340.66885678728	0	0	0	40.658394178509	0	4.61385536255208E-132	639.750188190297	76063.212116059	0	76702.9623042493	1.27855795542338E-64	53.3125156825248	6338.60100967158	6391.91352535411	0	0	3.38819951487494	0	6395.30172486898	6391.91352535411	0
1	33170	33534	4.61385536255208E-132	639.750188190297	76063.212116059	0	1.27855795542338E-64	53.3125156825248	6338.60100967158	0	0	0	40.2745231556363	-1.45519152283669E-10	8.96183368483385E-133	624.288830677206	76038.3989504166	0	76662.6877810938	5.70436352141178E-65	52.0240692231005	6336.53324586805	6388.55731509115	0	0	3.35621026295848	0	6391.91352535411	6388.55731509115	0
1	33535	33899	8.96183368483385E-133	624.288830677206	76038.3989504166	0	5.70436352141178E-65	52.0240692231005	6336.53324586805	0	0	0	39.8997292278708	1.01863406598568E-10	1.7407232709102E-133	609.201094248489	76013.5869576173	0	76622.7880518658	2.54503617414569E-65	50.7667578540407	6334.46557980144	6385.23233765548	0	0	3.32497743566273	0	6388.55731509115	6385.23233765549	0
1	33900	34264	1.7407232709102E-133	609.201094248489	76013.5869576173	0	2.54503617414569E-65	50.7667578540407	6334.46557980144	0	0	0	39.5337932222898	1.01863406598568E-10	3.38113525181391E-134	594.477952130191	75988.7763065132	0	76583.2542586434	1.13548320813697E-65	49.5398293441826	6332.39802554277	6381.93785488695	0	0	3.29448276853327	0	6385.23233765549	6381.93785488695	0
1	34265	34629	3.38113525181391E-134	594.477952130191	75988.7763065132	0	1.13548320813697E-65	49.5398293441826	6332.39802554277	0	0	0	39.1765012570304	0	6.56742780338174E-135	580.110595573295	75963.9671618131	0	76544.0777573864	5.06602657772614E-66	48.3425496311079	6330.33059681776	6378.67314644887	0	0	3.2647084380842	0	6381.93785488695	6378.67314644887	0
1	34630	34994	6.56742780338174E-135	580.110595573295	75963.9671618131	0	5.06602657772614E-66	48.3425496311079	6330.33059681776	0	0	0	38.8276446139414	-7.27595761418343E-11	1.27563970236718E-135	566.090428590116	75939.1596841824	0	76505.2501127725	2.26023816160007E-66	47.1742023825097	6328.2633070152	6375.43750939771	0	0	3.23563705115703	0	6378.67314644887	6375.43750939771	0
1	34995	35359	1.27563970236718E-135	566.090428590116	75939.1596841824	0	2.26023816160007E-66	47.1742023825097	6328.2633070152	0	0	0	38.4870196135935	1.45519152283669E-11	2.47776837981235E-136	552.409062817704	75914.3540303412	0	76466.7630931589	1.00841880192989E-66	46.034088568142	6326.1961691951	6372.23025776324	0	0	3.20725163446514	0	6375.43750939771	6372.23025776325	0
1	35360	35724	2.47776837981235E-136	552.409062817704	75914.3540303412	0	1.00841880192989E-66	46.034088568142	6326.1961691951	0	0	0	38.1544274941546	-1.45519152283669E-11	4.81275047272085E-137	539.05831250515	75889.5503531596	0	76428.6086656648	4.49912084124137E-67	44.9215260420959	6324.12919609664	6369.05072213873	0	0	3.17953562451203	0	6372.23025776325	6369.05072213873	0
1	35725	36089	4.81275047272085E-137	539.05831250515	75889.5503531596	0	4.49912084124137E-67	44.9215260420959	6324.12919609664	0	0	0	37.8296742926244	7.27595761418343E-11	9.34815588880915E-138	526.030189621844	75864.7488017503	0	76390.7789913721	2.00730965722534E-67	43.8358491351537	6322.06240014586	6365.89824928101	0	0	3.15247285772512	0	6369.05072213873	6365.89824928101	0
1	36090	36454	9.34815588880915E-138	526.030189621844	75864.7488017503	0	2.00730965722534E-67	43.8358491351537	6322.06240014586	0	0	0	37.5125707286959	-7.27595761418343E-11	1.81576027298943E-138	513.316899083754	75839.9495215597	0	76353.2664206435	8.95573187671936E-68	42.7764082569795	6319.99579346331	6362.77220172029	0	0	3.12604756071778	0	6365.89824928101	6362.77220172029	0
1	36455	36819	1.81576027298943E-138	513.316899083754	75839.9495215597	0	8.95573187671936E-68	42.7764082569795	6319.99579346331	0	0	0	37.2029320925133	-4.36557456851006E-11	3.52688288472381E-139	500.91083409488	75815.1526544561	0	76316.063488551	3.99565318125562E-68	41.7425695079066	6317.92938787135	6359.67195737925	0	0	3.10024434103889	0	6362.77220172029	6359.67195737925	0
